{"TheFingersHex": [210.91102946506896, -127.8981981820599], "KuuraStrandHex": [39.219046740780904, -72.5727151076614], "TempestIslandHex": [192.0399486216235, -116.91032194476865], "MarbanHollow": [134.72840108790905, -106.0350498271539], "GutterHex": [38.572941273275646, -94.68989096697379], "EndlessShoreHex": [173.29385439390146, -128.00725384945204], "TyrantFoothillsHex": [211.26156090186862, -150.182057432695], "WrestaHex": [191.66417404785201, -139.00167399403776], "WestgateHex": [57.661033867756394, -127.97295601722003], "MooringCountyHex": [96.01942076656196, -83.49799717486268], "MorgensCrossingHex": [172.7294934813525, -83.44607823894779], "LochMorHex": [95.92587708959088, -128.0923078817411], "RedRiverHex": [96.04492255408593, -172.3081686765603], "HowlCountyHex": [134.2921898976392, -61.359592041274006], "ClahstraHex": [153.58787588851428, -116.62188287848898], "TerminusHex": [153.82198494944365, -161.68525819910477], "LinnMercyHex": [95.98793891902667, -105.75472713040011], "PipersEnclaveHex": [231.22518336775053, -138.69426566607245], "ClansheadValleyHex": [153.66420671031904, -72.69580028633777], "GodcroftsHex": [192.0224064626953, -94.50489911586098], "FishermansRowHex": [38.41718900563135, -116.86981973616955], "UmbralWildwoodHex": [115.24068231499069, -139.0209536360314], "CallahansPassageHex": [115.21766811883344, -94.99297372755822], "LykosIsleHex": [211.50705874656427, -105.76940742563005], "KingsCageHex": [76.7165963847594, -116.81064706778633], "SableportHex": [76.86251472936291, -139.49233298076103], "GreatMarchHex": [115.23005819623927, -161.19909177662834], "ViperPitHex": [134.46142720457212, -83.56988489455088], "BasinSionnachHex": [115.40833391795331, -50.441727433200825], "StemaLandingHex": [38.43996641840153, -138.99746904288673], "HeartlandsHex": [95.98606623043364, -150.1245170523089], "DeadLandsHex": [115.22841405170188, -116.9748078457579], "OarbreakerHex": [19.02680373125725, -127.98051827517443], "AcrithiaHex": [134.4098467691802, -172.32020410026428], "WeatheredExpanseHex": [153.54676922451546, -94.70242587687727], "ReaversPassHex": [172.9240491285, -149.92950882391202], "StonecradleHex": [76.82633334911952, -94.7390308925078], "PariPeakHex": [19.138945385516926, -83.58502805130203], "AllodsBightHex": [153.83039222948616, -138.8570095192686], "KalokaiHex": [115.23736975896898, -183.35577149912612], "OriginHex": [57.614832364876605, -150.16842063962343], "OlavisWakeHex": [-0.771158976303445, -93.20849386061319], "SpeakingWoodsHex": [96.06541668298783, -61.494358158356135], "ShackledChasmHex": [134.38261319228437, -150.13515328324453], "NevishLineHex": [57.62173444982204, -83.81062576875709], "CallumsCapeHex": [76.80320700123147, -72.47937409191084], "ReachingTrailHex": [115.24631674134007, -72.7089514486511], "StlicanShelfHex": [172.96630640200672, -105.8091394465974], "PalantineBermHex": [19.34543215052262, -105.84747698478762], "AshFieldsHex": [76.7838322780651, -161.26969334877592], "FarranacCoastHex": [57.595930248393245, -105.77364752006466], "DrownedValeHex": [134.41324797655082, -127.72707250008531], "OnyxHex": [192.32538283441937, -161.1006047948816]}